[
  {
    "id": 0,
    "name": "Club House Prestigia",
    "description": "",
    "category": "touristique",
    "pictureUrl": "img/realisations_pics/prestigia_clubhouse-480x270.jpg"
  },
  {
    "id": 1,
    "name": "Médiathèque Mine Verte à Khouribga",
    "description": "",
    "category": "energie",
    "pictureUrl": "img/realisations_pics/mediatheque-480x270.jpg"
  },
  {
    "id": 2,
    "name": "Hotel The Pearl Marrakech",
    "description": "",
    "category": [
      "touristique",
      "energie"
    ],
    "pictureUrl": "img/realisations_pics/pearl-marrakech-480x270.jpg"
  },
  {
    "id": 3,
    "name": "Les Jardins de l’Agdal",
    "description": "",
    "category": [
      "touristique",
      "energie"
    ],
    "pictureUrl": "img/realisations_pics/jardins_agdal-480x270.jpg"
  },
  {
    "id": 4,
    "name": "Royal Atlas & Spa Agadir",
    "description": "",
    "category": "touristique",
    "pictureUrl": "img/realisations_pics/royal_atlas_agadir-1-480x270.jpg"
  },
  {
    "id": 5,
    "name": "Atlas Asni Marrakech",
    "description": "",
    "category": [
      "touristique",
      "energie"
    ],
    "pictureUrl": "img/realisations_pics/atlas_asni_marrakech-480x270.jpg"
  },
  {
    "id": 6,
    "name": "Club House Dar El Kenz",
    "description": "",
    "category": "touristique",
    "pictureUrl": "img/realisations_pics/club-house_dar_el_kenz-480x270.jpg"
  },
  {
    "id": 7,
    "name": "Club House Port Lixus Larache",
    "description": "",
    "category": "touristique",
    "pictureUrl": "img/realisations_pics/club_house_port_lixus_larache-480x270.jpg"
  },
  {
    "id": 8,
    "name": "Les Domaines Forestiers",
    "description": "",
    "category": "habitation",
    "pictureUrl": "img/realisations_pics/domaines_forestiers-480x270.jpg"
  },
  {
    "id": 9,
    "name": "Golf Al Maaden Marrakechs",
    "description": "",
    "category": "habitation",
    "pictureUrl": "img/realisations_pics/golf_al_maaden-480x270.jpg"
  },
  {
    "id": 10,
    "name": "Immeubles Riad Al Andalous Rabat",
    "description": "",
    "category": "habitation",
    "pictureUrl": "img/realisations_pics/riyad_al_andalous-480x270.jpg"
  },
  {
    "id": 11,
    "name": "Immeubles Plage des Nations Bouknadel",
    "description": "",
    "category": "habitation",
    "pictureUrl": "img/realisations_pics/plage_des_nations-480x270.jpg"
  },
  {
    "id": 12,
    "name": "Atlas Targa All In Aqua Parc",
    "description": "",
    "category": "touristique",
    "pictureUrl": "img/realisations_pics/atlas_targa-480x270.jpg"
  },
  {
    "id": 13,
    "name": "Villas Atlas Targa à Marrakech",
    "description": "",
    "category": "habitation",
    "pictureUrl": "img/realisations_pics/villas_targa-480x270.jpg"
  },
  {
    "id": 14,
    "name": "Centre de Maintenance Tramway Rabat-Salé",
    "description": "",
    "category": "industriel",
    "pictureUrl": "img/realisations_pics/centre_maintenance_tramway_rabat-480x270.jpg"
  },
  {
    "id": 15,
    "name": "Showroom Prestigia",
    "description": "",
    "category": "bureaux",
    "pictureUrl": "img/realisations_pics/prestigia_showroom-480x270.jpg"
  },
  {
    "id": 16,
    "name": "Centre d’oncologie Ibn Rochd",
    "description": "",
    "category": "hospitalier",
    "pictureUrl": "img/realisations_pics/centre_oncologie_ibn_rouchd-480x270.jpg"
  },
  {
    "id": 17,
    "name": "Villas Dar El Kenz",
    "description": "",
    "category": "habitation",
    "pictureUrl": "img/realisations_pics/dar_el_kenz-1-480x270.jpg"
  },
  {
    "id": 18,
    "name": "Immeubles Dar El Kenz",
    "description": "",
    "category": "habitation",
    "pictureUrl": "img/realisations_pics/immeubles_dar_el_kenz-480x270.jpg"
  },
  {
    "id": 20,
    "name": "Les Dunes de la Corniche",
    "description": "",
    "category": "habitation",
    "pictureUrl": "img/realisations_pics/les_dunes_de_la_corniche-480x270.jpg"
  },
  {
    "id": 21,
    "name": "Siège KLK Khayatey",
    "description": "",
    "category": "bureaux",
    "pictureUrl": "img/realisations_pics/klk_siege-1-480x270.jpg"
  },
  {
    "id": 22,
    "name": "Bouskoura Golf City",
    "description": "",
    "category": "habitation",
    "pictureUrl": "img/realisations_pics/bouskoura_golf_city-480x270.jpg"
  },
  {
    "id": 23,
    "name": "Oasis Square Casablanca",
    "description": "",
    "category": "habitation",
    "pictureUrl": "img/realisations_pics/oasis_square-480x270.jpg"
  },
  {
    "id": 24,
    "name": "Atlas Terminus & Spa Oujda",
    "description": "",
    "category": "touristique",
    "pictureUrl": "img/realisations_pics/atlas_terminus-1-480x270.jpg"
  },
  {
    "id": 25,
    "name": "Atlas Rif Front Beach Tanger",
    "description": "",
    "category": "touristique",
    "pictureUrl": "img/realisations_pics/atlas_rif-480x270.jpg"
  },
  {
    "id": 26,
    "name": "Atlas Amadil Beach Aqua Sun Agadir",
    "description": "",
    "category": "touristique",
    "pictureUrl": "img/realisations_pics/atlas_amadil-1-480x270.jpg"
  },
  {
    "id": 27,
    "name": "Atlas Orient Oujda",
    "description": "",
    "category": "touristique",
    "pictureUrl": "img/realisations_pics/atlas_orient-480x270.jpg"
  },
  {
    "id": 28,
    "name": "Atlas Sky Airport Casablanca",
    "description": "",
    "category": "touristique",
    "pictureUrl": "img/realisations_pics/atlas_sky-480x270.jpg"
  },
  {
    "id": 29,
    "name": "Les Beaux Rivages à Dar Bouazza",
    "description": "",
    "category": "habitation",
    "pictureUrl": "img/realisations_pics/433666-fianal-33-480x270.jpg"
  },
  {
    "id": 30,
    "name": "Les Dunes D’or Premium Beach Club",
    "description": "",
    "category": "touristique",
    "pictureUrl": "img/realisations_pics/dunes_dor-480x270.jpg"
  },
  {
    "id": 31,
    "name": "Villas Imane à Tanger",
    "description": "",
    "category": "habitation",
    "pictureUrl": "img/realisations_pics/villas_imane_tanger-480x270.jpg"
  },
  {
    "id": 32,
    "name": "Al Boustane",
    "description": "",
    "category": "habitation",
    "pictureUrl": "img/realisations_pics/al_boustane-480x270.jpg"
  },
  {
    "id": 33,
    "name": "Beach House",
    "description": "",
    "category": "habitation",
    "pictureUrl": "img/realisations_pics/beach_house-480x270.jpg"
  },
  {
    "id": 34,
    "name": "Résidences Casaview",
    "description": "",
    "category": "habitation",
    "pictureUrl": "img/realisations_pics/casaview-480x270.jpg"
  },
  {
    "id": 35,
    "name": "Tamaris City",
    "description": "",
    "category": "habitation",
    "pictureUrl": "img/realisations_pics/tamaris_city-1-480x270.jpg"
  },
  {
    "id": 36,
    "name": "Les Chalets de Bouskoura",
    "description": "",
    "category": "habitation",
    "pictureUrl": "img/realisations_pics/chalets_de_bouskoura-480x270.jpg"
  },
  {
    "id": 37,
    "name": "Immeubles les Flores Tanger",
    "description": "",
    "category": "habitation",
    "pictureUrl": "img/realisations_pics/Immeubles_flores-480x270.jpg"
  },
  {
    "id": 38,
    "name": "Zoopole Ain Jemaa",
    "description": "",
    "category": "industriel",
    "pictureUrl": "img/realisations_pics/zoopole_ain_jemaa_casablanca-480x270.jpg"
  },
  {
    "id": 39,
    "name": "Tulipes Building à Casablanca",
    "description": "",
    "category": "habitation",
    "pictureUrl": "img/realisations_pics/tulipes_building-480x270.jpg"
  },
  {
    "id": 40,
    "name": "Pizza Hut",
    "description": "",
    "category": "restaurants",
    "pictureUrl": "img/realisations_pics/pizza_hut-480x270.jpg"
  },
  {
    "id": 41,
    "name": "Burger King",
    "description": "",
    "category": "restaurants",
    "pictureUrl": "img/realisations_pics/Burger-king1-480x270.jpg"
  },
  {
    "id": 42,
    "name": "Relax Hotel Oujda",
    "description": "",
    "category": "tourstique",
    "pictureUrl": "img/realisations_pics/relax_hotel_oujda-480x270.jpg"
  },
  {
    "id": 43,
    "name": "Snob Nightclub à Tanger",
    "description": "",
    "category": "",
    "pictureUrl": "img/realisations_pics/snob_tanger-480x270.jpg"
  },
  {
    "id": 44,
    "name": "Spasso Casablanca",
    "description": "",
    "category": "restaurants",
    "pictureUrl": "img/realisations_pics/spasso-480x270.jpg"
  },
  {
    "id": 45,
    "name": "Attijariwafa Bank",
    "description": "",
    "category": "bureaux",
    "pictureUrl": "img/realisations_pics/attijariwafabank-480x270.jpg"
  },
  {
    "id": 46,
    "name": "Wafasalaf",
    "description": "",
    "category": "bureaux",
    "pictureUrl": "img/realisations_pics/wafasalaf-480x270.jpg"
  },
  {
    "id": 47,
    "name": "Cantine de la RAM à Casablanca",
    "description": "",
    "category": "restaurants",
    "pictureUrl": "img/realisations_pics/royal_air_maroc_casa-480x270.jpg"
  },
  {
    "id": 48,
    "name": "Kanoon Rabat",
    "description": "",
    "category": "restaurants",
    "pictureUrl": "img/realisations_pics/kanoon-480x270.jpg"
  },
  {
    "id": 49,
    "name": "Résidence Florence à Casablanca",
    "description": "",
    "category": "habitation",
    "pictureUrl": "img/realisations_pics/residence_florence_casablanca-480x270.jpg"
  },
  {
    "id": 50,
    "name": "Imprimerie Groupe Maroc Soir",
    "description": "",
    "category": "industriel",
    "pictureUrl": "img/realisations_pics/maroc_soir_print-480x270.jpg"
  },
  {
    "id": 51,
    "name": "Siège Disway à Casablanca",
    "description": "",
    "category": "bureaux",
    "pictureUrl": "img/realisations_pics/disway_casablanca-480x270.jpg"
  },
  {
    "id": 52,
    "name": "Automotive Wiring Systems Tanger",
    "description": "",
    "category": "industriel",
    "pictureUrl": "img/realisations_pics/ASWM-Maroc-480x270.jpg"
  },
  {
    "id": 53,
    "name": "Axa Assurances Maroc",
    "description": "",
    "category": "bureaux",
    "pictureUrl": "img/realisations_pics/axa_assurances_maroc_siege-480x270.jpg"
  },
  {
    "id": 54,
    "name": "Résidences Essaouira",
    "description": "",
    "category": "habitation",
    "pictureUrl": "img/realisations_pics/a5c9ecb4-293e-490f-b1ab-81a0e216abd4.1.10-480x270.jpg"
  },
  {
    "id": 55,
    "name": "Hopital Bouaarfa",
    "description": "",
    "category": "hospitalier",
    "pictureUrl": "img/realisations_pics/hopital_bouarfa-480x270.jpg"
  },
  {
    "id": 56,
    "name": "Makro Fes",
    "description": "",
    "category": "industriel",
    "pictureUrl": "img/realisations_pics/makro_fes-480x270.jpg"
  },
  {
    "id": 57,
    "name": "Makro Ain Sebaa",
    "description": "",
    "category": "industriel",
    "pictureUrl": "img/realisations_pics/makro-480x270.jpg"
  }
]
